method1,method2,pass1_t,pass1_p,pass10_t,pass10_p
weight-averaging,ties,0.2097953828160993,0.834347752844783,-0.04750764451932836,0.9622241545608372
weight-averaging,dare_ties,-0.2768903384258408,0.7825610919574637,-0.18568907359643363,0.853147159973767
ties,weight-averaging,-0.2097953828160993,0.834347752844783,0.04750764451932836,0.9622241545608372
ties,dare_ties,-0.4491860613859432,0.6544824095836506,-0.12505552582240897,0.9007856705628812
dare_ties,weight-averaging,0.2768903384258408,0.7825610919574637,0.18568907359643363,0.853147159973767
dare_ties,ties,0.4491860613859432,0.6544824095836506,0.12505552582240897,0.9007856705628812
